{"LogisticRegression": [{"model_name": "LogisticRegression", "folder_path": "handeled_null_values\\10_threshold\\using_mean_no_imbalance_no_reduction", "accuracy": 0.9694841675178754, "f1_score": 0.8525380947929326, "auc_roc": 0.9890117983973786}, {"model_name": "LogisticRegression", "folder_path": "handeled_null_values\\10_threshold\\using_median_no_imbalance_no_reduction", "accuracy": 0.9695038812537766, "f1_score": 0.85180793193668, "auc_roc": 0.9889919101027862}, {"model_name": "LogisticRegression", "folder_path": "handeled_null_values\\10_threshold\\using_mean_no_imbalance_correlation", "accuracy": 0.9692288049029623, "f1_score": 0.8515871386716928, "auc_roc": 0.9889821718555989}, {"model_name": "LogisticRegression", "folder_path": "handeled_null_values\\10_threshold\\using_median_no_imbalance_correlation", "accuracy": 0.9692675973412249, "f1_score": 0.8509038974705905, "auc_roc": 0.9889638437167537}, {"model_name": "LogisticRegression", "folder_path": "handeled_null_values\\20_threshold\\using_mean_no_imbalance_no_reduction", "accuracy": 0.9692442983927889, "f1_score": 0.8504949752512374, "auc_roc": 0.9891766657662792}], "RandomForest": [{"model_name": "RandomForest", "folder_path": "handeled_null_values\\20_threshold\\using_mean_no_imbalance_no_reduction", "accuracy": 0.9764915975299785, "f1_score": 0.879443004925134, "auc_roc": 0.9936194521574874}, {"model_name": "RandomForest", "folder_path": "handeled_null_values\\20_threshold\\using_mean_smote_no_reduction", "accuracy": 0.9751956462207205, "f1_score": 0.8789276502814541, "auc_roc": 0.9926488106685015}, {"model_name": "RandomForest", "folder_path": "handeled_null_values\\20_threshold\\using_median_smote_no_reduction", "accuracy": 0.9751802401138684, "f1_score": 0.8781682519792675, "auc_roc": 0.9927934724443056}, {"model_name": "RandomForest", "folder_path": "handeled_null_values\\20_threshold\\using_median_no_imbalance_no_reduction", "accuracy": 0.9760621016151989, "f1_score": 0.8766566355102936, "auc_roc": 0.9935224429805386}, {"model_name": "RandomForest", "folder_path": "handeled_null_values\\20_threshold\\using_mean_no_imbalance_correlation", "accuracy": 0.9758744778589034, "f1_score": 0.8766345186675345, "auc_roc": 0.9935898345604062}], "GradientBoosting": [{"model_name": "GradientBoosting", "folder_path": "handeled_null_values\\20_threshold\\using_mean_no_imbalance_no_reduction", "accuracy": 0.9757973379000189, "f1_score": 0.8792502934554621, "auc_roc": 0.9937210008751536}, {"model_name": "GradientBoosting", "folder_path": "handeled_null_values\\20_threshold\\using_median_no_imbalance_no_reduction", "accuracy": 0.9758184293582524, "f1_score": 0.8787714263553866, "auc_roc": 0.9936319626056535}, {"model_name": "GradientBoosting", "folder_path": "handeled_null_values\\20_threshold\\using_mean_no_imbalance_correlation", "accuracy": 0.9753113561590472, "f1_score": 0.8770291817954777, "auc_roc": 0.9936496658470081}, {"model_name": "GradientBoosting", "folder_path": "handeled_null_values\\20_threshold\\using_median_no_imbalance_correlation", "accuracy": 0.9753736307939848, "f1_score": 0.8767542246568979, "auc_roc": 0.9935864089304131}, {"model_name": "GradientBoosting", "folder_path": "handeled_null_values\\10_threshold\\using_mean_no_imbalance_no_reduction", "accuracy": 0.9734925867459064, "f1_score": 0.869223280584878, "auc_roc": 0.9932163558315619}], "AdaBoost": [{"model_name": "AdaBoost", "folder_path": "handeled_null_values\\20_threshold\\using_mean_no_imbalance_no_reduction", "accuracy": 0.975342212142601, "f1_score": 0.8753874042453658, "auc_roc": 0.9930854676005364}, {"model_name": "AdaBoost", "folder_path": "handeled_null_values\\20_threshold\\using_mean_no_imbalance_correlation", "accuracy": 0.9746942364879719, "f1_score": 0.8725697748946336, "auc_roc": 0.9930565286817283}, {"model_name": "AdaBoost", "folder_path": "handeled_null_values\\20_threshold\\using_median_no_imbalance_no_reduction", "accuracy": 0.9747625162448171, "f1_score": 0.8725361880017972, "auc_roc": 0.9929360933872001}, {"model_name": "AdaBoost", "folder_path": "handeled_null_values\\20_threshold\\using_median_no_imbalance_correlation", "accuracy": 0.9742867751717309, "f1_score": 0.8696879410381056, "auc_roc": 0.9929303266314891}, {"model_name": "AdaBoost", "folder_path": "handeled_null_values\\20_threshold\\using_mean_smote_no_reduction", "accuracy": 0.9718593429989701, "f1_score": 0.866953572340348, "auc_roc": 0.9912568137086994}], "XGBoost": [{"model_name": "XGBoost", "folder_path": "handeled_null_values\\20_threshold\\using_mean_no_imbalance_no_reduction", "accuracy": 0.9775368439728621, "f1_score": 0.8853136938285219, "auc_roc": 0.9944982086123295}, {"model_name": "XGBoost", "folder_path": "handeled_null_values\\20_threshold\\using_median_no_imbalance_no_reduction", "accuracy": 0.9772533882047156, "f1_score": 0.8833713435795736, "auc_roc": 0.9943972035481341}, {"model_name": "XGBoost", "folder_path": "handeled_null_values\\20_threshold\\using_mean_no_imbalance_correlation", "accuracy": 0.9770122922524482, "f1_score": 0.8827048728646776, "auc_roc": 0.9943468033268614}, {"model_name": "XGBoost", "folder_path": "handeled_null_values\\20_threshold\\using_median_no_imbalance_correlation", "accuracy": 0.9766616127235597, "f1_score": 0.8804769828064337, "auc_roc": 0.9942322151281495}, {"model_name": "XGBoost", "folder_path": "handeled_null_values\\20_threshold\\using_median_smote_no_reduction", "accuracy": 0.9755824927285104, "f1_score": 0.880392565506527, "auc_roc": 0.9936722774407756}]}